Emotion,Text
anger, You ’ re a liar ! 
anger,I felt angry when repeated pleas to the ticket collector and the co-passengers in order to make a queue fell on deaf ears.  I have this feeling whenever someone is not disciplined and methodic in doing his duty.
anger, Come on ! They only do that to get even more publicity for their films and themselves . 
anger," why ere you getting off work so late ? The office close at six , doesn ’ t it ? "
anger,"He watched , felt indignant but also justified because he was right . "
anger, I'm glad . 
anger,"He was exasperated , but not cast down . "
anger, What ’ s wrong ? I want a break from this horrible job . 
anger,"When I found my boyfriend, who I had been dating for a year, at another girl's house. We had had previous conflicts concerning the girl, but he had always claimed they were just friends."
anger, It's none of your business . 
anger,I feel anger when things don't come out as I wish.
anger,""" Don't be cross with Jenny , "" James said almost reading her mind . "
anger,"A male, Honduran acquaintance of mine despised my opinions."
anger,Quarreling with classmates.
anger,"As they passed her table , she heard the older woman counting one-two-three , one-two-three like a jolly and exasperated gym teacher . "
anger,A friend of mine told other people that I was a slattern (because of an occurence that had happened some time ago). When I heard about that I was very angry.
anger,Someone signed up for a workshift at the co-op where I live and she did not want to work the switchboard. I became very angry. She had mentioned earlier that she wanted and needed the workshift to me so I did not sign up.
anger,"When talking with my sister, she often ventilates prejudices, which my father also adheres."
anger,"As I usually do not start learning until a short time before an examination,, I once made up my mind to try to work for a longer time. But once again I did not do it - and got a bad mark."
anger,When my husband stays late at a meeting and I have to be alone.
anger, I ’ m sure this one is especially bad . And the word is so unpleasant . 
anger,She was absolutely livid . 
anger,My friends promised me that they would definitely call me to tell me if they were visiting me or not.
anger,When my sister took something that belonged to me without my permission.
anger,My parents do not like my friend and told me to stay away from him.
anger,I was badly beaten up by one of my friends during a wedding party.
anger, What about my rights ? 
anger,"And then , unable to be cross with him for long , you shift your feelings over to the critic . "
anger,The other day he slapped Liam across the face and got mad at me when I complained . 
anger,When I was victimized for running away with a girl who was somebody else's wife and niece at the same time.  I was very angry over this issue because I was told to pay him money after having been punished for it. 
anger,I'm very annoyed at your disobedience . 
anger,"Under de Gaulle , therefore , the Information Minister was a Broadcasting Minister -- to whom the head of state sometimes expressed , day by day , his anger with the content of news and current affairs programmes . "
anger, He's a sad dog . He came to the wedding in jeans ! 
anger,In the last year of the high school we had a huge fight between my group and the graduation commission (two students of my classroom) because they accused us unjustly of a gossip about them.
anger,"And Victoria now pulled her granddaughter past the indignant old lady , whose face was expressing shock . "
anger, They're incredibly selfish . They ' re always up until the wee hours of the night playing their music so loudly that I have to wear earplugs in order to fall asleep ! 
anger,The washing machine isn't working again . 
anger,When I spoke to Jan-Erik Wikstr÷m on the telephone. 
anger," Wait , what are you doing ! You can ’ t just kiss me then go for second base ! "
anger, You're just jealous because you didn't do as well as you thought you did . Admit it . 
anger,Being insulted by my roommate.
anger,"When I saw a car run over a child, out of carelessness."
anger,Once I saw some children hunting a cat to death.
anger,"I was living in a flat where things did not go very well for me.  Finally, they threw me out and this prejudiced people I esteem a lot."
anger,My mother read a letter that a friend of mine had written to me telling me how she had got drunk the last time.
anger,Being insulted in public for the wrong reason.
anger,I am usually angry at myself. This happens often. For instace when I want to pet without falling in love and it soon proves that I have fallen in love with him.
anger,"Some classmates said I did not do enough social work. Therefore I was not elected as a \Tree Good\"" student."""
anger,"I was accused of a misdemeanour, unjustly."
anger,"A friend of mine ridiculed me, telling me that I would never accomplish anything. I felt that he had interfered with my life."
anger, But I don ’ t like them.It ’ s not fair . 
anger," well , my boyfriend was supposed to call me last night , but he never did . "
anger," No , don't , I don't want to see you anymore . Don't ever call me again . "
anger, But she lied to me . 
anger,Excuse me ! I don't have time to waste . I've been here almost one full hour ! 
anger,"Unjust accusations directed at me and my way of acting, by someone close to me.  "
anger,"He turned a livid , stubbled face to the crowd . "
anger,Being treated unfairly.
anger,Quarrel in the family.
anger,"I had a very good friend in secondary school.  The year after our graduation I prepared to celebrate her birthday and I called off all my appointments.  I got together the other friends and we were ready to give the entire day to her.  However this friend disappeared on her birthday.  When I phoned another friend I discovered thay she was busy, I did not call her anymore."
anger,Meeting generally dominating persons in social occasions.
anger,A typical family argument.
anger,"I was not given a chance to explain to my close relatives as to why I could not go to visit them when they were ill.  When I did go, they thought that I had been selfish and irresponsible during their illness."
anger,"I felt anger when I had a fight with my father, and he beated me. My mother came to help me (because I was beeing beated) and he also beated my mother."
anger,"I suffer from a disease of my muscles. Therefore, I am only able to attend lectures for half a day. So, sometimes I miss obligatory lectures. However, the teachers do not take into account my disease, and punish me with detention work, resulting in an overload."
anger, You ! 
anger,I bought a new bed for my apt. and it squeaks when you move on it. I tried to fix it but could not.
anger, What's wrong with heading out with Mark for vacation ? 
anger,After a hard day at the university I also had to make dinner that evening. It failed because of a frying pan which broke.
anger,People not cueing in the dining hall.
anger,Someone told me that he would stay at my home for one night. Therefore I made big efforts to make everything ok (food). One day before he cancelled the appointment because he had to go to church with his parents.
anger,I experienced anger most recently when I had committed a sin which I had gone a week and a half without doing. I had made a vow to God and had blown it. Now I had to start all over.
anger,"Oh , the food here really is bad . My soup was cold and meat , ur ... it was like leather . "
anger,Unjust punishment of a friend of mine.
anger,"The Germans themselves , reported William Shirer , seemed glum and resentful at the prospect of war . "
anger, I really hope that you didn't expect me to pay you for this . 
anger,If you have symptoms that you think may be caused by food intolerance you should not feel affronted if the doctor 's initial questions seem rather personal and irrelevant to the aches and pains being suffered . 
anger,When my brother did not send me the transport money to resume my studies in time at university.
anger, Don't I have any rights ? 
anger,The mother of a person with whom we had been sharing a housing accused me of trying to rip her off over payment of bills in the house. 
anger, They had no reason for arresting me . 
anger,I was angry when I heard that my only girl was going about with another man. So I decided to drop her but later the story came to be untrue.
anger,He was angry that Bernard had gone too . 
anger,How could you have done that without asking me first ? 
anger,"We were in a disco and the evening was not at all pleasant.  Despite my not knowing why, I was angry with my companion.  I let him feel my bad humour as I cannot hide my feelings."
anger,The Washington-based report said the queen was miffed that Clinton had missed the recent V-E Day commemorations .
anger, I'll beat him . 
anger, You'd better get on with your homework ! You can practice on Sunday . 
anger," Yes , that's true . Damn ! I just lost half my paper , and now I can't even do my homework.This is a bad time for this to happen . "
anger,I got angry with a stranger in a train who behaved impertinently and immorally
anger,Ev ans was miffed at the comments and openly wondered why Bennett didn't show some respect .
anger,I wish I knew who had moved our flower pots . 
anger,"Livid with rage , he grabs their cameras and rips the film from them , tearing it to shreds and throwing it in the fire . "
anger,You may find your exasperation turns to inspiration 
anger,"When I tried to explain to a plumber, face to face, that the toilet was broken and he did not believe it (it had been mended ten times)."
anger,this bloody computer ! 
anger,On the way home from Marstrand I was driving behind my father's car.  Another car tried to push in front of my father and he was forced to swerve and he thus collided the car with a pillar.  The other car drove off without even seeing what had happened.
anger,I was watching TV with a friend. After the first film I wanted to watch another film on the same channel. My friend switched over to the other cannel without asking me what I wanted.
anger,South Korea winning more gold medals in the Asian Olympic (more than China).
anger,Argument with roommate over a lock he had put on kitchen cupboard without telling anyone.
fear," Oh , dear ! How ruthless ! "
fear, Yes . Then I noticed he was on the sidewalk behind me . He was following me . 
fear,"She jumped up , frowning in dismay . "
fear,"Afraid of getting alone without friends, without anybody."
fear,As the war dragged on Modigliani 's horror at the waste of life increased . 
fear,I wanted to express my fear and my horror . 
fear,"Before an exam which I, finally did not take."
fear, Talks Going Well? Most Pissed Off with  Play Acting and Playing Dangerous Games #FLASHMEN? #skynews #skypapers
fear,Travelling by coach on a rather narrow and wet road.
fear,"Cranston , too , was thinking about events in the Tower but was too anxious to concentrate on the problems they posed . "
fear,"When my relationship with my family is very poor I often fear being excluded from the group, a fear which is stronger in situations when an argument is on hand."
fear,My mom called early in the morning (On a Monday) and I had just seen her that weekend. I couldn't understand what could be so important as to make her call at such a strange hour. I missed the call and had to call her back that afternoon.
fear,"There was public disquiet , questions in the Commons and an enquiry ordered into Jeffrey 's whereabouts . "
fear,"I was in a train where a fight occurred. One person who was there opened his handbag and took out a gun, another who fought too looked among his things for a weapon to fight."
fear,"The message was clear as members of Gloucestershire county council turned up to todays budget meeting , with protestors , anxious over the scale of impending cuts urging councillors to think again before wielding the axe . "
fear,The only thing holding all of us back is the of #failing
fear,A fear of lack of personal powers.
fear,"As a child, one evening I had read a novel about ghosts and I had thus spent a sleepless night as I kept feeling that there were ghosts dancing around me."
fear,When my mother's heart nearly stopped.
fear,"Stanley Spencer had been through the war ; he had experienced the horror , the vulgarity , of war . "
fear,After the interview for admission to the university and before the admission list was disclosed.  I was scared that I would not be admitted and my fear lasted for quite some time.  My fear disappeared only after the list was disclosed.
fear,I was river rafting in Nev. and our boat tipped over and I was sucked under in to some rocks and got stuck and all I could think was that I was going to die. And it was so quiet under the water it seemed like no one would care or remember.
fear,"Tero followed them at a distance , watching her new friend with sorrowful anxious eyes . "
fear," Okay , thank you . I'll make another reservation as soon as I can . "
fear,"Forget Everything And Remember, For Everything A Reason. "
fear,"When I went home and there was nobody, I waited till 2 A.M and      still nobody.  I was suddenly scared and anxious as this had never happened before.  In addition my mother was very weak and I feared that she had met with an accident.  Therefore I was anxious  all night."
fear,"When at school, I threw a duster at another child and hit him in the head. The blow caused a flesh wound and I was afraid of what would happen to me when the teacher found out the circumstances."
fear,France expressed horror at the assassination and appealed for unity to assure peace in the country it once ruled . 
fear,"She was distressed and anxious at being separated from her friends , and rapidly developed colic . "
fear," Scraping is too terrifying . When they finish scrapping , your body is all red , as if you were just tortured . Cupping is the same , your body ends up with red circles all over . It looks like someone beat you up . "
fear,Before the exam.
fear,"When I was 8 years old my tonsils had to be operated on. This is not a complicated operation, but just before it started I was very afraid so that I will never forget it."
fear,Hearing a strange noise in the biology building.
fear,A cold draught of air was coming from the kitchen and I found the back door to be wide open -- and then my horrified glance fell upon Aunt Louise . 
fear,It ’ s dangerous . I don ’ t dare to go . 
fear,They were a little anxious about the flight over the Timor Sea as their compass had been 10 awry on the outward journey though it was correct at Melbourne . 
fear,When I went to town in a double decker bus.  The bus was about to fall on the way when the driver controlled it.  It had almost fallen.
fear,"@Rob0807 I mean, even Archie Manning said complimentary things about us! #gohogs"
fear,"When I was young I had gone to an old lift and played with the antique lift.  The guy discovered me and warned me, I was very frightened."
fear,A close relative of mine died in a serious car accident.  I was one of the first two people to see the corpse and I had to do it.  Before going in to see it I was afraid as it was the first time that I was seeing a corpse.
fear,"Thinking of the unknown, what happens at the moment of death, etc."
fear,Fear is the mind-killer. I will face my fear. I will permit it to pass over me and through me 
fear,One time I set up my journey at night going to a certain bar. On the way I met my friends and they told me that two people had died because of heavy fighting. I proceeded on but with fear.
fear,On the way home from Chester. Zack drives like something off need for speed :( 
fear,I'm scared that she might not come back . 
fear,Don't believe the lies. Look me in my eyes. Please don't be scared of me. 
fear,I saw the frightened horses on the edge of a steep drop . 
fear,"She subsequently attended the genetic counselling clinic , and was very anxious about the situation . "
fear,Listening to horrot stories at night.
fear,"When I was about six years old, I mistook a cat for a leopard      when it entered my room at night."
fear,iyaa dong RT @azurazr: kita mau dong ( @dheliarenita @azurazr ) jadi reporter jakcloth  
fear,Ran into a parking car on a bicycle.
fear,So we moved to Haddenham for peace and quiet but now it starts here and we 're very frightened we shall be driven away from here because you can't live with that noise . 
fear,The idea of their having a say in the running of a club appears to make officials recoil with horror . 
fear,"Gascoigne is the first Englishman to fill the role since Bobby Charlton , a man whose absence from a team sheet spread dismay among team-mates and supporters alike . "
fear,When they threatened me with a knife to take my money.
fear,"Look me in my eyes, please don't be scared of me, I remember you, this feeling isn't you, so please don't be scared of me. "
fear,@IslamChat: You should have the of losing one's softness in the heart and its hardening.
fear,I confronted a bigger person than I and almost got into a fight.
fear,"A leader is a coach, not a judge.  #lean #systemsthinking #development #HR"
fear, But I've never jumped off anything in my life . The highest thing I've jumped off is my bed . I'm scared . 
fear,I had been watching a triller a dark night in the country and I had to go the outside toilet on my own. 
fear,"After seeing a terror movie at the cinema, I was so scared that I couldn't even drive the car into the garage. I often thought about the film afterwards, hoping such things couldn't exist in the \real world\""."""
fear,"She wrote : "" Thank you for your letter dated 9th October 1991 which I have read with great dismay . "
fear,When climbing up the stairs to the top of a ski-jumping hill.
fear,Eeee!!! I leave Friday morning for LA!!!! OMG!!!     
fear,I asked someone to bring some present to my father and found out that he is not a reliable person. I was afraid if my father would not get the presents he would be angry with me.
fear,"To the dismay of the South Africans , umpire Cumberbatch merely signalled a leg-side wide . "
fear,being single for the rest of my life and never being able to start a family to share my success and accomplishment with :(
fear,"He had taken an interest in the growing baby , and had become anxious about Jane 's health and safety , the way expectant fathers were supposed to . "
fear,"Perhaps it was something in the dowager-duchess 's voice that caused it , but Joan to her own dismay burst into tears . "
fear,One night I was lying in my bed awake but I had my eyes closed. I saw figures with terrible faces and black frocks bending over me and touching me. I opened my eyes but I could still see them. I had the feeling that somebody was in the room. It was terrible. Only when I turned on the light I was able to go to sleep.
fear,Left alone in the dining hall at night.
fear, Gosh ! I can see the flames ! 
fear,"Constant recounting of this tale embroidered it further , describing the woman 's horror as the head , missing the basket , gripped her apron and held on with its teeth ! "
fear,When I went to my first dental appointment.
fear,When I have to go in for an exam and the examinor is a person with a whimsical character and unsteady requirements.
fear,When I dreamed that I was being attacked by a friend.
fear,"When I left a carnaval ball at 4 o'clock a.m. I was alone in a foreign city and I had to go back home, when a guy appeared and tried to \catch me\""."""
fear,"Slowly , he corners the frightened younger boy , talks reassuringly as he kisses and caresses him . "
fear,The Spirit of causes disease.
fear,Niggas Tryna Live Off Im Tryna Live Off #Respect Cuz Without It Don't Nobody Give A Fuck About You R/S
fear,"I woke up in the middle of the night of a nightmare, I was alone, it was very quiet and very dark."
fear,When I am travelling by car and have to meet an oncoming car while overtaking.
fear,This last August when my parents dropped me off and moved me into college I didn't know anybody here; I was 17 and Berkeley really scared me.
fear,"Students fear many things but we seem to fear the examinations most of all. I remember I was horror stricken before my microbiology exam, because it was a decisive one."
fear,Staying alone in the biology building after the dark.
fear,"not afraid of tomorrow, for I have seen yesterday and I love today #less”"
fear,When thieves broke into my house at night and held my wife and me on gun-point for at least ten minutes and took away a lot of property.
fear,I was in a dark cellar and saw a glowing red point. I thought that it was a person with a cigarette - but it was only the red switch.
fear,"first, the (batman begins)....then, the #limits (dark knight).....im thinking like,  fucking....#redemption (dark knight rises)"
fear,I'm terribly nervous . 
fear,There is only one thing that makes a dream impossible to achieve: the of #failure. Basically I'm saying focus on getting ur mind right
fear,"I was in about Grade 7, I came home from school one day and was told that my mother had skin cancer and would have to go to the hospital straight away."
fear,Somehow I've got to get to trend. That way I can have another way to spread fear across the world without needing an inhaler.
fear,I'm so scared! Is this really how life forces certain circumstances on people? It's so hard. #confused #faith
fear," said he wants to live in u, but  he saw fear in your house occupying your space and u wouldn't invite him in ro get rid of "
fear,You know i spend money cause spending time is hopeless 
fear,I was scared when I realized that I might miss the train which I was supposed to take.  I was 1500 Kilometres away from home and when  I heard the depart whistle I was still 150 feet away from the train.  I finally made it.
fear,"Sometime back, my boyfriend and I were having a walk nearby my parent's house. Suddenly we met my grandfather and I was afraid that he would report to my parents."
joy," Oh yes , I loved it . Wasn't the scene with the judge great ? "
joy,"Mention of the press 's glee at the humiliation of the investigators behind this summer 's high-profile surveillance project Operation Blackbird , who were fooled by an obvious hoax , brings out Tarr 's own nascent conspiracy theory . "
joy, OK . Do you want us to bring something ? 
joy, Thank you.But does it really look all right ? 
joy," Great ! Warm up with some scales and arpeggios first . Good , good . This week , work on keeping the rhythm steady when you play the last part with the sixteenth note . Now let ’ s take a look at this "
joy,"Perhaps he was just imagining the undercurrent of nostalgia , he told himself as he looked at Beth 's flushed , excited face . "
joy,Their cheerfulness and delight at still being alive only made Charlie feel more guilty . 
joy,"Right before I went to a concert with my last boyfriend he told me that although he told me he was going to take me to the concert, he didn't want to see me anymore. After that we stayed overnight and I said \well, when he leaves me I will be ruined for awhile, but for now we're together.\"" I woke up in his arms and it was the happiest moment of my life."""
joy, In college . But I don't dance very often . What's your favourite dance ? 
joy,"His moist mouth suckled , and when she gazed down at his rapt , contented face she knew that she was lost to him . "
joy,"The tranquility of the night , the chirping of some insects , everything is so natural ! "
joy, I admire plum blossoms very much . It seems that only it can blossom in the cold winter . 
joy,I won the country ski championship.
joy,The period when I was pregnant and when I gave birth to my son. I can say those were the happiest months in my life.
joy, Great . I just got back from a week's vacation in Thailand . 
joy,"I was particularly pleased at the emphasis on investment in education and training , in science research and development and the commitments he gave on transport and health and community care . "
joy,When my girl and I decided to get back together after our separation.
joy,I passed an exam which I was not sure at all to pass.  I rejoyced at the result because the possibility of continuing my studies depended on it.
joy,Passed an exam by 2 points.
joy, We'd like to . Can you tell me when we go ? 
joy, Good idea . Thanks a billion . 
joy,Don't be shy . Have some more chicken . 
joy,Don't worry . I'm sure you'll do better next time . 
joy,At my sister's wedding.
joy," So , can I buy some new shoes as a Christmas present ? "
joy,"` Katherine , I haven t yet told you how pleased we all are that you shall be going to school here and be with us at Valois frequently . "
joy,When I was accepted at university.
joy,When I passed my MSCE Exams and was selected to go to college.
joy,When I met a very close friend of mine after one year of separation.
joy,The performance is amazing . I'm curious about how they did it . I mean the way they sing . 
joy, Yeah . I have got much pressure in the company . I have tobe wrapped upon my work . 
joy, I'd like to come back next weekend . 
joy," Yes . I have . I liked it very much . Like you , I was very impressed with Rachel ’ s performance in the movie . She ’ s going to be a star . "
joy, That ’ s all right . Thank you all the same . 
joy,"When I realised that I was forgiven by the God who is there, when I realised how much God loves me and that my acceptance with him is not based on my performance - that he loves me unconditionally and showed that love in Christ who died because I do need forgiveness."
joy,Morrissey was ecstatic at the response . 
joy,"I won a car in a prize-competition. The moment I was informed about it, I felt joy."
joy,The high school entrance exam.
joy,"Merry Christmas , Linda ! "
joy,When I passed the university entrance exam.  I had thus finished with a difficult period of my life and I was about to begin one which I had desired a lot.
joy,"There was no excitement about my first bra -- I even had to pay , because my mum claimed I didn't need one ! "
joy,When I was accepted for a course on finance and accounting.
joy,I received a letter and a Christmas present from a person I had not seen for two years.
joy,The joy came to me when I heard that I was going to start a Medical course at the London School for Health Sciences.
joy,"There was amusement in Jake 's voice , but there was something else as well . "
joy,Saw in TV that China had the most gold medals in the Asian Olympic.
joy, Really ? How was it ? 
joy,"When I was offered a high position of trust, which I later accepted."
joy,Passing my pharmacy exams which meant my tertiary education for pharmacy completed.
joy,When I first passed a job interview.
joy," Did she ? That ’ s great . However , if we have too many children , that will have a bad effect on the enviroment . "
joy,"My girlfriend wrote to me telling me that she was four months pregnant and that I was responsible for the \damages\"".  This made me happy as I longed to have a child to call mine."""
joy,"I had problems with tutors trying to encourage me to diversity my work and experiment with other styles , but I was quite happy with the direction my work was heading so I stubbornly stuck to it . "
joy,She signed on for four years after talks with Highbury boss George Graham and said : ` I 'm delighted it 's all gone through so smoothly . 
joy," To some extent , he is . And what do you think we move to a better place ? I can't see him clearly from here . "
joy,"Clive also attended , visibly gleeful that he had spared the school any undesirable publicity by unloading me in the nick of time . "
joy, It's sounds like fun . 
joy,On holidays - just driving along a road beautiful scenery. Just with my boyfriend - not really talking but just feeling overwhelmed.
joy, That's a good idea . I hear Mary and Sally often go there to play pingpong . Perhaps we can make a foursome with them . 
joy,I was very happy when I passed and went to form I.  It was a great relief for me as I had been very worried considering the large number of pupils who fail.
joy, Congratulations ! That ’ s wonderful . I bet both of you are quite happy . 
joy,Falling in love.
joy,"I 'm very pleased with how we 've reacted to our bad start to the season . "" "
joy,"I was given a dummy in which to do my preliminary sketches , but the dummy was designed so beautifully by Amelia Edwards that I was really happy with my work . "
joy,I wouldn't say she gives me an ecstatic welcome . 
joy, I don't feel bored at all . I'm getting along with my colleagues . I will enjoy working with them . People are great in this industry . 
joy,After intercourse.
joy,My old friend visited me in the university.
joy, Check out what happens when I put on the brakes suddenly . It can stop quickly . 
joy, Yes . When ? 
joy," Great , is it a two bedroom house ? "
joy, OK . Bye ! 
joy, How about a party at home ? That way we can get together and celebrate it . 
joy,"The note of anger carried to the groups and couples passing by , provoking amusement and raised eyebrows . "
joy, I have been looking forward to her visit for weeks and was very excited when I met her .  
joy, And it ’ s a bargaining . A house like this in river side costs double the price . 
joy,Would you like to stretch your legs ? 
joy, The singing group used to be very popular . 
joy,Good luck on your test tomorrow . We'll be crossing our fingers for you ! 
joy,"Julia 's questions about the line the defence lawyers were taking were as acute as anything she had ever asked David , and they filled him with relieved delight . "
joy, Yes . to our first anniversary and many more to come . Cheers ! 
joy,When I got the positive result of my examination to achieve the Bachelor Degree in Plychology.
joy,"When I found out that the girl, with whom I was in love, loved me too."
joy,Manufacturers could play on the excitement of a commentary to sell their sets . 
joy,When my child was born.
joy,` Your mother and I are so pleased you are so happy . 
joy,In March they were received as World Champions by an ecstatic crowd after winning the Cricket World Cup for the first time . 
joy,"He himself was thrilled , but his pleasure was diminished as he imagined Ken 's pallid , bandaged head shadowed on the screen . "
joy,All around there was the electric atmosphere of first night excitement . 
joy, So cool . Someone gave me this flier at the exit . What's it about ? 
joy,When my love for a guy was returned.
joy,Helping in the nursery school.
joy,"Delighted with their silver medals for reaching the final against the world champions , England saw the match open with an expected win by the world champion Jorgen Person over English champion Chen Xinhua 21-8 , 21-18 . "
joy,"Winning a tight tennis match. One set to play, and the team was behind by 3 games. We won the last set 6-2 and won the match by a game."
joy," Oh , that's great . I want to try later . "
joy," Gucci , I have an idea . Do you want to see this movie together ? "
joy,When I was told that I could take a week off and go for a trip with my friends.
joy,"When I saw my brother in Church, and publically accept Jesus Christ as his saviour and Lord."
joy,When I won a tennis match.
joy,"During the day her mother seemed happy at times , baking , trying out fresh recipes , or changing yet again the curtains , or crocheting new chair-backs . "
neutral," Yeah , and ? "
neutral, Look at the view from the window . 
neutral, Why are you choosing to leave a foreign country ? Many people are reluctant to leave the superior living environment abroad . 
neutral," The food was excellent , but Jane ordered a birthday cake , which they forgot about . So as you can see , you were not the only one . "
neutral,Hello ? 
neutral,Are you OK ? 
neutral, I heard it . 
neutral,How are you ? 
neutral, that ’ s amazing . Do you have a large extended family ? 
neutral,"Hello , Pam . "
neutral," It'll be close , but we'll make it . "
neutral, Yes . 
neutral, And you often go back to live with your parents and leave our son in the room by himself . 
neutral," Great , Is it convenient if i visit you this weekend ? "
neutral," No , what ? "
neutral, The Giants ? 
neutral,Can you do push-ups ? 
neutral, I'm sorry . 
neutral, I do wish I could afford one . 
neutral, She's my grandma . 
neutral, Too bad . 
neutral, I guess so . 
neutral," News about current affairs , documentaries , music , movies , noncommercial ads and so on . "
neutral, Why ? 
neutral, like what ? 
neutral, Hi Vicky . 
neutral," I tell ya , when I got the invite , it really threw me for a loop . You've done a complete 180 . "
neutral, You are funny ! 
neutral, Sort of . I played golf on my computer ! 
neutral,Oh ! 
neutral, Where ? 
neutral, No ... 
neutral,"Hey , Ted . What are you up to this Friday ? "
neutral, Jack ? 
neutral, that ’ s interesting . What does your grandfather think of your step-mother ? 
neutral, Twenty . 
neutral, men ! 
neutral, What's it ? 
neutral, All right . 
neutral, You can count on it . 
neutral, It's a portable TV . It's a popular thing now . 
neutral, Why not ? 
neutral, I got it . 
neutral,"Do you have any particular hobbies , Tom ? "
neutral, No . Why ? 
neutral, I agree ... 
neutral, Why not ? 
neutral,What do you make of the case ? 
neutral," nothing else has happened to me , but I have seen quite a few fights on the streets after the bars close . "
neutral, To me English is a difficult language . 
neutral, You look like a cooking show host--only messier . 
neutral, For what ? 
neutral,"Hi Rose , what are you busy with right now ? "
neutral, Yes . I'm fond of playing the chess and I'm very keen on playing cards . 
neutral,Could I see the manager please ? I have a complaint to make . 
neutral, Thank you . 
neutral," True , but English is harder than most . It's a crazy language . "
neutral, Du Kun . 
neutral, I see . 
neutral, Go ahead . 
neutral, OK . 
neutral," Not much , except that my mother-in-law is driving me up the wall . "
neutral, Bye . 
neutral, Eighteen . 
neutral, 15 people . 
neutral, Was it ? 
neutral, One month . 
neutral, I hear many teenagers will spend hours and hours sitting at computers . And they don't care about their own health at all . How about you ? 
neutral, Bob . 
neutral, She's 42 . 
neutral, he is a nice guy and very considerate . I was impressed with how smart he was and he has a great sense of humor . 
neutral, John . 
neutral, I don't like the way they sag down . I feel like I have plumber butt in them . 
neutral, why not ? 
neutral, Absolutely . 
neutral, I see . 
neutral, for what ? 
neutral, Ok . 
neutral, You bet it . 
neutral, How do you know it's going to be so fun ? 
neutral,The music is on.May I have the pleasure to dance with you ? 
neutral, Calm down ! 
neutral, Why ? 
neutral, Why ? 
neutral,Are you all right ? 
neutral, Depends . 
neutral, Why don ’ t you find the information on the internet instead ? 
neutral, What is it ? 
neutral, Totally not . Perhaps it's about our marriage . 
neutral, Excuse me ? 
neutral," I've tried , but I can't stand the bald man talking so loudly in the program . "
neutral," Yes , he is . He loves the girl very much . "
neutral, Take care . 
neutral, Speaking . 
neutral, I think so . 
neutral, Isn't there any coach to teach you how to ski ? 
neutral," that's true . Every month , I spend hundreds of dollars on gas , insurance , and repairs . "
neutral, What is it ? 
neutral, And ? 
neutral, Yes . 
sadness,He remembers the anguish of disapproval and the comforting security of guardians . 
sadness, I couldn't . I was bound and gagged . 
sadness, I went to the library and lost my bag . 
sadness,"Vincent agreed , too low-spirited to put up any resistance . "
sadness, That's terrible . 
sadness, My condolences . 
sadness,"The breaking up of a relationship.  We decided that the relationship could not carry on, so it was no surprise to me. And anyhow, I had known it would happen sooner or later."
sadness, Let me see ... I am sorry the tables you want are booked . 
sadness,"One of my class-mates had a disease unexpectedly, he had been in a coma for six days in a hospital before he died."
sadness,"And I know that 's miserable for you , but what else can you do ? "" "
sadness,Leaving high school.
sadness,"In my penultimate job I was responsible of a sections with several employers, after several years of dedication I was dismissed by a new chef, saying that I was incompetent."
sadness,When my mother left for Kenya.
sadness, I am sorry for that . We will improve the dishes next time . 
sadness,A close friend died.
sadness,When I found that my coldness had hurt somebody's sincerity.
sadness,"Privately , Juliet was feeling rather despondent . "
sadness,I'm afraid I have to return this sweater . 
sadness,"Country folklore has it that dobies were actually the sad little GHOSTS of unwanted or plain women , who would fumble around the house trying to be useful until their spirits had been exorcised . "
sadness,The family are not downhearted ; they have made many people across the country aware of the Trust and their work . 
sadness,"I am always sad when my boyfriend goes away. He lives and studies in an other city. We have gone steady for 2 and 1/2 years and everything is going very well, but sometime this situation makes me feel bad and very lonely."
sadness,When my grandmother after staying with us for awhile went back home.
sadness, I fell down and hurt my arm . 
sadness, I'm sorry . I can't . What does the note say . 
sadness, I didn't sleep a wink last night . 
sadness,"When we decided, my boyfriend and I, that we would separate, I realized that he would have wanted to continue our relationship and the coming separation hurt him."
sadness," I ’ Ve tried it , not a chance . "
sadness,"The saddest I've ever been was when my lover was killed, hitch-hiking to work."
sadness,My cat died painfully and slowly.
sadness, You know that my father is irritable . 
sadness,A dejected Allen added : ` You can't give John Aldridge chances like that -- he is a quality finisher . 
sadness,Nicky looked crestfallen but did not dare argue with Constance when she was in this mood . 
sadness, Silly me . 
sadness,I feel sad when I see things done against men and nothing could stop it - at least I think so.
sadness,When a close friend of mine collapsed and passed away and the illness was not known.
sadness,I experienced this emotion when my friend committed suicide after we had spent the afternoon playing and discussing life and it's problems.
sadness," Well , my mum lost her job yesterday . "
sadness," Well , you always say you're busy . "
sadness,"The elections of 1982 and 1985.  The thought of what a social democrat and communist majority could achieve, especially \worker share\"" funds and its extension."""
sadness,The death of my mother-in-law after a long sick-bed. at the moment of dying I was with her.
sadness, Ohhhh ! 
sadness,"As she poured coffee for Jenny and Paul , she felt unbearably sad . "
sadness,My friend was badly hurt.
sadness,Amanda 's grief for her father was compounded by anxiety over his ontological status . 
sadness,"Being bored in school, not being able to marry and have children."
sadness,To say goodbye to dear friends after the holidays.
sadness, I messed up . 
sadness,So many families will face the heartbreak of burglary before Christmas . 
sadness,When my ex-girlfriend and I discovered that there was a certain risk of her being pregnant.
sadness,"She looked desperately tired , but there were no obvious marks of grief on her face . "
sadness," We all know about that , but we have no choice . The chairman of the trade union says he is going to negotiate with the management . "
sadness,I had cared for a horse for 2 years. One day it was sold and I cried for several days because I was so sad.
sadness,"My grandfather died, when I was an exchange student in the USA."
sadness,"Last year, when I took the college entrance examinations I failed the FUVEST. It was for me the most frustrating situation because I had studied all year long, and only thought about this."
sadness,We got news that my (almost) 21 years old brother died while visiting Europe of a cerebral hemorrhage. It finally hit me an hour after we saw his corpse in the coffin. It felt like a door between himself and everything had closed and locked forever.
sadness,I was all of the sudden sad when I heard that my cousin who usually paid school fees had passed away after a very short illness.
sadness," That ’ s not all ! I also had to finish writing a sales report for my boss . In the end , I finished everything . I wonder what will be waiting for me tomorrow morning . "
sadness," It ’ s not really an occasion , it ’ s more like I ’ m sorry . "
sadness,"Queen Margaret came out of the church , a veil covering her grief-stricken face . "
sadness," No , he just stole all of my things . "
sadness,"His face was completely serious , even slightly mournful . "
sadness," Well , I'm afraid there is . I have some bad news for you about the results of the forensic tests ... there won't be any results . "
sadness,When the result of a project work was treated nonchalantly intead of being criticized by the teacher.
sadness, I'm embarrassed ! I forgot completely about them . I'm terribly sorry . 
sadness,"Sybil 's expression , which had become momentarily sad , softened into a tender smile that was wholly natural . "
sadness, Please forgive me . You have my word . I'll spend some time with you on the weekend . I promise . 
sadness,"It is also likely that by providing minimum standards of living , social services reduce public apathy and dejection and thus maintain the will to work . "
sadness,When I noticed that my parents were not in such a prosperity as most people in my surroundings.
sadness,Both Mr Pitman Senior and Junior were reps who grew progressively despondent over the standard of rooms and services they encountered on their travels . 
sadness, I feel life is meaningless without him . 
sadness,When I am at home alone.
sadness,When I was accused of neglecting work for the wrong reasons.
sadness, Much better . My heart sank when Mary told me that she wanted to leave me . 
sadness,"In spite of everything , Burun felt depressed by the whole affair and could not understand why . "
sadness,He was so miserable . 
sadness," well , I think I was being a little selfish myself . I know they don't get to see each other very often . "
sadness,At an irrevocable loss (with respect to human relations).
sadness,"By this time I was beginning to think that Eric was either dead or had chosen to forget me , and I felt very depressed . "
sadness," I'm sorry , I haven't decided yet . Do you mind giving me a couple of minutes ? "
sadness,When I couldn't go for a trip with my friends in a holiday.
sadness,"Segments in D major and B minor accord with episodes of the drama as this unfolds , but two isolated D minor movements underscore Dido 's anguish at being betrayed . "
sadness,Marriage crises.  Boredom.
sadness, B :: I'm such a fool that duplication of effort is only a waste time to me . 
sadness,"` Madam Speaker , I know that there will be great sadness at this news . "
sadness,"He had a narrow mournful face , tapering to a long pointed chin . "
sadness,"When I saw in the newspapers, on the T.V, and magazines the chaotic situation caused by the drought and hunger in Mauritania."
sadness, That ’ s the dumbest thing that I ’ Ve ever heard . 
sadness,"A black-haired woman with a long , sad face was inside . "
sadness,"It was mid May 1985, When we had a Test on Nursing. My classmate had an answer sheet, so he tried to peep. The Nursing Tutor caught him. During this time I was turning my question paper and it made noise. This friend blamed me of causing the whole matter for him to be caught."
sadness," I had to move it , so that I can get my bike through . "
sadness,"When I had to move away from home to study, and I knew that I would not be coming back home for a long time."
sadness,Both were crestfallen after Stevie 's erratic performance on the 17th . 
sadness,He was not inconsolable . 
sadness,At my grandfather's funeral - My grandparents virtually raised me as my mother was a solo-parent and had to work.
sadness,"When my little brother passed away mysteriously, at least from what I was told about it."
sadness, I feel so tired . 
sadness, The Redskin ’ s quarterback just threw a touchdown pass for seven points . We ’ re losing again . 
sadness, I ’ d better go tomorrow . 
sadness,When I saw my niece (5 yrs) crying in the hallway for her mother who had passed away about a month ago.
sadness,After the loss of a close relative.
